timestamp,open,high,low,close,volume
1653624000,108.96206020855854,111.7835698138087,108.61919412203534,111.78207397460938,37914000.0
1653969600,112.21002456042172,115.18430708649075,111.54520378568205,113.22069549560547,50012000.0
1654056000,114.30850533505887,116.54431425454679,112.71113883445743,113.35008239746094,36606000.0
1654142400,113.45757440998959,117.33851811955124,112.40908976134669,117.06283569335938,37992000.0
1654228800,115.51025464447159,115.76802495065249,112.97836071006883,113.9959945678711,26136000.0
1654488000,116.14919546785866,118.77912375848886,115.61127043127397,116.2646484375,33542000.0
1654574400,114.93102936741137,117.13101415848703,114.50457089395813,116.59208679199219,31590000.0
1654660800,116.20592298566977,118.00632111258021,116.04519240682265,116.63636779785156,26108000.0
1654747200,115.77399830108254,117.7361218438542,114.22988211545837,114.28910064697266,25798000.0
1654833600,111.90996185455049,112.73999313613125,109.84085182107376,110.632568359375,41452000.0
1655092800,106.27839110394777,108.27384824703032,105.61407143207575,105.88626861572266,47252000.0
1655179200,106.02808814729501,107.41097248913957,105.29658482140374,106.20772552490234,33706000.0
1655265600,108.02851540213744,110.89332070160148,107.1571853080472,109.24221801757812,39698000.0
1655352000,106.71082612689229,108.13153172918454,104.6377371893725,105.52897644042969,51684000.0
1655438400,105.52897843764345,108.18229360105146,104.54617406358982,106.63369750976562,51376000.0
1655784000,108.41119057692619,111.95425661827566,108.08326009819567,111.01325225830078,47416000.0
1655870400,110.03044617871146,112.80716393802025,109.85727053284596,110.95701599121094,30774000.0
1655956800,111.69747579437303,112.20604591984649,109.97471708378085,111.70792388916016,28362000.0
1656043200,112.45735057227827,117.51715954815482,112.41504945457397,117.41365051269531,41164000.0
1656302400,117.71023220229814,118.01526949121953,114.6314459624472,115.28234100341797,36420000.0
1656388800,115.2514813531098,116.75131444596565,111.31579952883644,111.47454071044922,35792000.0
1656475200,111.02121152936431,112.62205554244028,110.3449403751085,111.16999816894531,24716000.0
1656561600,109.47660264341167,110.3603778852546,106.24206665621995,108.44453430175781,43170000.0
1656648000,107.41943163222562,108.73016641639377,106.22265397774427,108.22010803222656,35476000.0
1656993600,106.59089908908788,112.83753130607606,105.22840975036895,112.72407531738281,39342000.0
1657080000,112.76287894118538,115.03949284975673,110.94556355714842,114.0268325805664,37432000.0
1657166400,114.53242824450783,118.62237150865167,114.28710302372731,118.21780395507812,40936000.0
1657252800,116.69209965966292,119.11551098399944,116.34525479851375,118.78559112548828,38238000.0
1657512000,117.4365476052986,117.4365476052986,114.78173665895066,115.12609100341797,31196000.0
1657598400,115.66201280608395,116.41740394407732,113.14903353840538,113.47795867919922,29960000.0
1657684800,111.169489086317,113.65261985102296,110.67236938242495,110.82364654541016,43722000.0
1657771200,109.68610316058955,110.56440377859388,107.85734476528513,109.84235382080078,37004000.0
1657857600,111.46758971888954,112.60216483443524,110.37232404487976,111.24564361572266,46770000.0
1658116800,112.10403881377384,113.13909122528293,107.85435955238535,108.51121520996094,43164600.0
1658203200,110.32255584496407,113.47747063825159,109.03869296718022,113.26847076416016,36530900.0
1658289600,112.63150243769348,114.85089479075843,111.94479082146569,113.3580322265625,35600400.0
1658376000,113.73623213542243,114.00495167460863,110.58131743938425,113.79594421386719,32676200.0
1658462400,110.47184488302739,111.80546531170556,105.99325657695871,107.3865966796875,48901200.0
1658721600,107.89417039822348,109.3472225583573,105.79420953019157,106.99845123291016,34690900.0
1658808000,106.0927781113769,106.68992169386529,103.57481748327089,104.52029418945312,47991000.0
1658894400,108.74011946731692,113.3679952824466,107.49606723707197,112.52203369140625,59858500.0
1658980800,111.83532546250933,113.79594545946627,110.92965176635761,113.67652130126953,32816600.0
1659067200,112.54194397943671,116.15466896108313,112.52203489140882,115.76652526855469,37223400.0
1659326400,114.75137773642173,116.16461921046162,113.79593896680589,114.31346893310547,26034300.0
1659412800,113.4575633556852,115.79638002904798,113.17889687110984,114.58218383789062,20236000.0
1659499200,115.1594320713057,118.05558946224379,114.93053070088145,117.51815795898438,28499000.0
1659585600,116.92101136605847,118.21482116526452,116.33381474881479,117.62763214111328,21602900.0
1659672000,115.67695880145602,117.54801066886964,115.44804984442452,116.91105651855469,19159500.0
1659931200,117.82667699099878,119.57830469839134,116.32385973549923,116.74186706542969,19138300.0
1660017600,116.58262580661216,116.7617696373508,115.15942970493639,116.0750503540039,19086500.0
1660104000,118.21481912974991,120.34463596242325,117.84658452538288,119.13043975830078,30930400.0
1660190400,120.70292085614055,120.91192071702521,117.99586202223843,118.27452850341797,24293700.0
1660276800,119.6877792993413,121.10102081298828,118.89158283337814,121.10102081298828,19096300.0
1660536000,120.55363833935155,121.71807703386351,120.03611593641816,121.4991226196289,19494800.0
1660622400,120.9417744547049,121.84744809440268,120.06596444578726,121.12091827392578,19041200.0
1660708800,119.54845056051758,120.71288167155528,118.81196614417375,118.98116302490234,22847000.0
1660795200,118.86172117631767,120.24510658589205,118.15510045289486,119.59819793701172,17987700.0
1660881600,118.49349390349892,118.5830696196713,116.20444217204935,116.65229797363281,21809500.0
1661140800,114.65184995934078,115.07980422824266,113.30827507565557,113.69641876220703,21456600.0
1661227200,112.94003292848389,114.46275153442912,112.89026780559885,113.31822204589844,15870400.0
1661313600,112.95994947111635,114.23385781853895,112.3329498419266,113.1490478515625,17734600.0
1661400000,113.69641910388675,116.1646220653855,113.56704040567818,116.09495544433594,16956800.0
1661486400,114.17414361532893,114.57224186477183,109.66569935363755,109.81497955322266,37245700.0
1661745600,109.46664053448025,110.42207172581055,108.2823079873906,108.89935302734375,21191200.0
1661832000,109.64578930257257,109.97422092496217,107.28707105272045,108.42164611816406,27513300.0
1661918400,110.12351621186505,110.32256155184113,107.61550240684566,107.705078125,28627000.0
1662004800,107.76478233631381,109.92445524897461,106.84916169035981,109.21783447265625,28360900.0
1662091200,110.06378281149561,110.2130705944094,106.74963351488796,107.33682250976562,24160700.0
1662436800,106.78944701500801,107.51596926896929,105.27667524334035,106.30177307128906,25068300.0
1662523200,106.55058712829103,109.45669902186589,106.39135238503752,108.92921447753906,23167000.0
1662609600,107.52593262689165,109.07850751547035,106.65012251414598,107.86431121826172,24238300.0
1662696000,108.55102080160147,110.46188319968864,108.5012556752909,110.12350463867188,23197700.0
1662955200,110.46188297027061,111.08889015087576,109.40692911388913,110.33250427246094,22966800.0
1663041600,107.2870684416698,107.7846893387219,103.59471470362199,103.82362365722656,38172900.0
1663128000,104.07243482099148,104.77905558849064,103.16676873054044,104.5003890991211,26395100.0
1663214400,103.53499978150074,104.76909744622156,101.86299330961457,102.42033386230469,34188300.0
1663300800,101.58432982803475,102.639283702151,100.45970933191258,102.31085968017578,42797200.0
1663560000,101.26584814817858,102.83833193685109,101.06680283524696,102.5795669555664,23036800.0
1663646400,101.59428213900198,101.882903164709,100.04169980785068,100.65875244140625,26517100.0
1663732800,101.18622915681169,102.39047078999764,98.79764738492318,98.80760192871094,31487300.0
1663819200,98.34979431212098,100.75827764430566,98.31993827303401,99.66351318359375,34298600.0
1663905600,99.15593670389735,99.18580033576465,97.00621838807963,98.27017211914062,31625400.0
1664164800,97.63321424053862,99.40474334217092,97.33464627113645,97.702880859375,27072700.0
1664251200,98.95688868137792,99.52417618189102,96.40907220091097,97.03607177734375,30072800.0
1664337600,97.18536972439702,100.22085285955642,96.64793820563632,99.5739517211914,32466300.0
1664424000,98.17064759037245,98.17064759037245,95.50339934291237,96.95645141601562,31047200.0
1664510400,96.58821763291844,98.4294134043774,95.10530191604596,95.19487762451172,32941500.0
1664769600,96.29960237487207,98.8175630102199,96.06073886671564,98.170654296875,27982000.0
1664856000,99.96208499329005,101.35541738545221,99.90236532427448,101.1563720703125,28850800.0
1664942400,99.35499464162503,101.4450009855778,98.3298967620206,100.94738006591797,22176900.0
1665028800,100.20094688426994,102.4402409824645,100.11137117193405,100.93742370605469,22324000.0
1665115200,99.37489560091394,100.0516603517211,97.83227531415282,98.21046447753906,27502800.0
1665374400,98.52893845076046,98.62846111239529,96.54840938978579,97.39436340332031,18225100.0
1665460800,96.96640076120471,98.77774038186384,95.8517273049946,96.71759033203125,26507100.0
1665547200,96.837022039716,98.28011949121102,96.27968151524828,97.09577941894531,21876400.0
1665633600,94.69726194514989,99.30522889923341,93.93092148147386,98.58865356445312,34574500.0
1665720000,99.51422753973247,100.21090137017602,95.91145700787062,96.10054779052734,25410700.0
1665979200,98.38961227226265,100.44976264774354,98.35975623093717,99.49433135986328,28419200.0
1666065600,102.63928332260754,102.977669480451,99.49432320685048,100.29051208496094,24060700.0
1666152000,99.53414159458751,100.53933041676378,98.4493240073362,99.15594482421875,23811100.0
1666238400,99.52418740118877,101.83314824517264,98.91708925059409,99.49433135986328,25323200.0
1666324800,97.38441171770614,100.82794754437543,97.25503301309253,100.6488037109375,32458700.0
1666584000,101.31562068072593,102.26109737591833,99.50428086547959,102.03218841552734,27176400.0
1666670400,102.41038054718946,104.3212429399577,102.23123672329918,103.98286437988281,40611400.0
1666756800,95.97117241436078,97.8422243688905,94.23945371213154,94.47830963134766,88114100.0
1666843200,94.07025591284439,94.97592963709896,91.36320447078887,91.78120422363281,60710900.0
1666929600,91.8309566371646,96.09059787724979,91.6916233939895,95.83183288574219,43697300.0
1667188800,94.9659688055794,95.57306689870097,93.53282580597906,94.060302734375,31675000.0
1667275200,94.99582786175144,95.57306993471083,89.940005230544,90.0395278930664,47161400.0
1667361600,90.50729412723294,90.74615003951523,86.46660714853941,86.55618286132812,57038300.0
1667448000,85.90927598104008,86.10832131332283,82.94345193423364,83.03302764892578,61288000.0
1667534400,84.99365177935555,86.22774949314112,83.3116906968652,86.16803741455078,51124900.0
1667797200,86.86469761800363,88.47699196596784,86.43674336723429,88.06893920898438,34078900.0
1667883600,88.47699737548828,89.89023890654045,87.17322545658932,88.47699737548828,30429000.0
1667970000,88.02913095745633,89.01442577049444,86.8646999163299,86.90451049804688,31769100.0
1668056400,91.81105799655386,93.94087488626228,91.1741038384967,93.4930191040039,51620100.0
1668142800,94.23944635528495,96.46878581115081,93.47310593436431,95.95126342773438,33090500.0
1668402000,94.63753085381283,96.3294463219346,94.06029643096562,95.24462890625,30179500.0
1668488400,97.79245956917397,99.66351138474529,96.2498317707238,97.97160339355469,41640800.0
1668574800,97.43417722407897,99.16589589196096,97.17541222075646,98.37965393066406,29105200.0
1668661200,96.50859755213386,98.80760365631383,96.32945372628268,97.89198303222656,26052600.0
1668747600,98.30003586236528,98.42942216465437,95.91146145604598,96.96641540527344,28342300.0
1669006800,96.82707209430102,97.93179105937274,94.90625518678002,95.14511108398438,21647400.0
1669093200,95.4934541891789,96.75741561356259,93.60250071461526,96.58822631835938,23438500.0
1669179600,96.62802445978609,98.2900840665078,96.62802445978609,97.99150848388672,18868100.0
1669352400,97.77254895921286,98.17064718420455,96.93654952051315,96.99626159667969,9701400.0
1669611600,96.5782667025875,97.11569819421372,95.1550706024734,95.59297943115234,26237500.0
1669698000,95.2745073253337,95.6626510462463,93.66221276632477,94.73707580566406,20061700.0
1669784400,94.36883510796933,100.5592408394296,93.97073683587386,100.50947570800781,43647500.0
1669870800,100.5393317496237,101.763482607526,99.77299884014163,100.50947570800781,28687100.0
1669957200,98.57870403410195,100.29051356417902,98.429416244413,99.96208953857422,21480700.0
1670216400,98.92703166952748,100.89760608639799,98.5289334501006,99.00665283203125,24405100.0
1670302800,98.82750758572617,99.30521936766596,95.96120652171987,96.51854705810547,24910700.0
1670389200,95.95125726651678,96.41901449377833,94.26929634050404,94.48825073242188,31045400.0
1670475600,94.92615870890563,95.12521162173816,93.00534176035212,93.26410675048828,32213300.0
1670562000,93.32382786918778,93.8115018580551,92.30868449121564,92.3883056640625,28225400.0
1670821200,92.2688614145164,93.11481538049334,91.17409701189375,92.86600494384766,29420000.0
1670907600,97.2948424708287,99.05641715165841,94.57782896066584,95.17497253417969,40593700.0
1670994000,94.74702397460736,96.4090836855868,93.15463848462352,94.61764526367188,28733600.0
1671080400,92.68686895444695,93.19444441414178,89.58171930241409,90.42767333984375,40107000.0
1671166800,90.32814916628604,90.89543669655227,89.09404384987789,89.83052825927734,58011800.0
1671426000,89.83052771403993,90.1290957005775,87.7902789704508,88.0191879272461,29493000.0
1671512400,87.69076176428035,88.75567026134895,87.02395153379007,88.59642791748047,23453800.0
1671598800,88.65613432749684,89.79070928196998,87.89974849348417,89.15375518798828,24745600.0
1671685200,87.74052072393032,88.11870987437933,85.909271863705,87.34242248535156,27658300.0
1671771600,86.69551223985816,89.12390461779462,86.655701657406,88.80542755126953,23003000.0
1672117200,88.37747674118715,88.51680998867842,86.59599297044319,86.97418212890625,20097300.0
1672203600,86.56614139398224,87.62109534883498,85.5310889356147,85.61070251464844,19523200.0
1672290000,86.2078424115069,88.42722724367383,86.1978878680228,88.02912902832031,23333500.0
1672376400,86.56612850885591,87.87984728103041,86.1580757572641,87.8101806640625,23986300.0
1672722000,89.16371064442977,90.61677037760805,88.09880220510901,88.69595336914062,28131200.0
1672808400,89.92009958818068,90.21867518028262,86.8547528692259,87.66090393066406,34854800.0
1672894800,87.05380204485257,87.1533247069017,85.4912727120948,85.78984069824219,27194400.0
1672981200,86.37702957023193,87.2727486345716,84.45621275179472,86.92440795898438,41381500.0
1673240400,87.93956719506664,89.62152828865293,87.44194628861791,87.60118103027344,29003900.0
1673326800,85.57089787842811,88.24809330021212,85.42161008183072,87.99928283691406,30467800.0
1673413200,88.75566389809731,91.1641472282376,88.58647461468658,91.08452606201172,26862000.0
1673499600,91.0447213124675,91.432864998952,89.32294969329632,90.69638061523438,30258100.0
1673586000,90.41771741423032,91.75134539532985,89.70114209221775,91.68167877197266,26329200.0
1673931600,91.62195415344863,91.81105251796343,89.6215236794331,90.85562133789062,32602400.0
1674018000,91.70158285357975,92.35844611498095,90.2087200883145,90.68643951416016,29116700.0
1674104400,90.28833877439054,93.16458701556465,90.19876306253057,92.60725402832031,37000400.0
1674190800,94.64749230458399,97.83227057478473,94.56787113938321,97.55359649658203,63191100.0
1674450000,97.48393658664499,99.56399601043773,97.03608078946915,99.315185546875,40005100.0
1674536400,97.63321326625847,99.13603042112301,96.73749418080635,97.23511505126953,33078500.0
1674622800,95.1152550959037,95.70245168515892,93.31386993258523,94.76692199707031,42330000.0
1674709200,96.0408260243726,97.10573436154094,94.92615256394458,97.05596923828125,30114000.0
1674795600,96.84698288610231,99.84266300827183,96.84698288610231,98.89718627929688,33879800.0
1675054800,97.01616832917084,97.82231171021904,95.94130542571196,96.4787368774414,27226200.0
1675141200,96.40907756904596,98.40950815466127,96.35931244094722,98.36969757080078,29870700.0
1675227600,98.24031608663826,100.70851906446003,97.11569559851715,99.95213317871094,35531100.0
1675314000,105.29658441835562,107.33682553198318,105.10748604846768,107.22734832763672,69883800.0
1675400400,102.44023732028235,107.29701450167059,102.09190421385664,104.28143310546875,65309300.0
1675659600,101.9127642202071,103.86343728262108,101.39523421998128,102.41038513183594,31999600.0
1675746000,102.72885610117324,107.66525433974004,102.62933344338565,107.12782287597656,49010200.0
1675832400,101.56443476559781,102.64924474740924,97.57351278425769,98.89718627929688,94743500.0
1675918800,99.52418468225432,99.55404072276416,93.18449138448133,94.55792999267578,119455000.0
1676005200,94.99582806779736,96.28964546267231,93.80154092875313,94.1200180053711,54980700.0
1676264400,94.28920688773186,94.74701720884225,93.39348774073657,94.15982818603516,50076100.0
1676350800,93.98068174209502,94.39868146803326,91.82100889832186,94.2294921875,54726100.0
1676437200,94.04039005423793,96.65788069468455,93.70201150671859,96.4787368774414,50169000.0
1676523600,94.9162087541605,97.21521477469815,94.28920158994696,95.0555419921875,42462600.0
1676610000,94.39868291013072,95.10530367470463,92.76648697078687,93.90106201171875,34284100.0
1676955600,92.55749030076139,92.65701296526197,91.28358197173173,91.3532485961914,33629300.0
1677042000,91.26367049827103,91.67172328308142,90.1788605753032,91.21391296386719,30884000.0
1677128400,91.48262500616492,91.50253409442122,89.33290665311979,90.45752716064453,41206400.0
1677214800,89.01443223203913,89.46228802095382,88.15852364572393,88.70590209960938,36585100.0
1677474000,89.4423828125,89.73100384409955,88.91489828317458,89.4423828125,27502300.0
1677560400,88.90495506752045,90.79591607528975,88.89500052309056,89.63147735595703,30142000.0
1677646800,89.55186454339591,90.59686392466584,89.24333440817962,89.9300537109375,31111200.0
1677733200,89.23338599577193,91.84091472708995,89.16371177840199,91.56224822998047,32204400.0
1677819600,92.03996045341758,93.28401264189694,92.01009682269682,93.20439147949219,35160100.0
1678078800,93.5726338624318,95.51335999397993,93.55273236671877,94.67735290527344,32639300.0
1678165200,94.52807232544816,95.21478402463518,93.08496711653402,93.41339874267578,27835500.0
1678251600,93.67215786383373,95.503399070826,93.55272611825472,93.8015365600586,34103300.0
1678338000,93.60249368912125,95.07544729094798,91.46272231509023,91.88072204589844,28813500.0
1678424400,91.73142650002876,92.3484790931476,89.96985201598534,90.1987533569336,35941000.0
1678680000,89.66133224210813,92.1295353055602,88.99452204264824,90.67648315429688,37335600.0
1678766400,92.11957834566286,93.91101661837747,92.00015418954344,93.52287292480469,36050200.0
1678852800,92.77643896638652,96.46878502000881,92.1991969177425,95.6526870727539,50622100.0
1678939200,95.74225996804023,100.70852211278338,95.04559373185006,99.84265899658203,65492000.0
1679025600,99.78293762449931,102.3506555081078,99.62369530357599,101.13646697998047,61028500.0
1679284800,99.64361592487353,101.26585739333697,99.39480546444764,100.7383804321289,32960400.0
1679371200,100.76823312250937,104.59991256706779,100.73837708314564,104.42076873779297,42110300.0
1679457600,103.773854818731,106.08281539474726,102.8383327290355,102.87814331054688,43427400.0
1679544000,104.56010268824097,105.79420800627038,103.96295911766454,105.0975341796875,40797800.0
1679630400,104.49043770663731,104.98805862211833,103.34590808241246,104.93830108642578,30393300.0
1679889600,104.12219906093443,104.2615323044318,101.44499620942092,101.97247314453125,31120900.0
1679976000,101.95258058369826,101.9625275354681,99.26542295271996,100.54928588867188,32057900.0
1680062400,101.793334518348,102.00233439427095,100.1710930472741,100.9075698852539,28779600.0
1680148800,100.42985934560198,100.6786698096316,99.3052311886087,100.40995025634766,33086200.0
1680235200,100.81799706625952,103.39566967562425,100.55923207299183,103.23643493652344,36863400.0
1680494400,101.90280629620425,104.0326231198909,101.44499598386052,103.86343383789062,25035400.0
1680580800,103.83358175831708,105.07763404356551,103.54496071696833,104.22172546386719,24420100.0
1680667200,105.27667229755957,105.59514935745837,103.1667646231396,103.97290802001953,28290500.0
1680753600,104.75916104758119,108.65055279918359,103.8335858075378,107.90412139892578,48711500.0
1681099200,106.47097183107455,107.07806234756984,104.61982146300264,105.93354034423828,27067400.0
1681185600,106.04301139046436,106.22215520900343,104.18190658636902,104.84871673583984,26311800.0
1681272000,106.07287669400085,106.24206598376391,103.84352951452797,104.14210510253906,24370300.0
1681358400,105.33639240206342,106.97854295202298,105.33639240206342,106.91883087158203,24843600.0
1681444800,106.38139243712666,108.42164110764425,106.33162731127321,108.35197448730469,26578000.0
1681704000,104.16201021070087,105.65487290751938,104.02266937335287,105.46577453613281,37571200.0
1681790400,105.98329855224205,106.03306368013463,103.57481518685294,104.00276947021484,26596400.0
1681876800,103.0871444808148,104.48048447908047,102.57956905144894,103.68428802490234,20905700.0
1681963200,103.41557815605778,105.74444030250633,103.37576757324341,104.78900909423828,27820800.0
1682049600,104.9681517132192,105.49562864153211,104.2814324554801,104.90843963623047,25800100.0
1682308800,104.98805513219027,106.12263017432495,104.20181320069477,105.46577453613281,23542800.0
1682395200,105.32643992429568,106.1823484668057,103.34590330520571,103.3558578491211,46664100.0
1682481600,104.42076383754022,105.84395986079909,102.14165929158905,103.21652221679688,53347600.0
1682568000,103.95300525177885,107.85435896406044,103.04733914233148,107.07806396484375,50089200.0
1682654400,106.53068615790889,106.83920869473445,104.5899600378611,106.82925415039062,36139800.0
1682913600,106.33163086061985,107.47616045562452,106.31172936546945,106.6899185180664,26681700.0
1683000000,106.63020263275621,106.68991470916808,103.21652305785557,104.81886291503906,30997200.0
1683086400,105.02786379020792,106.97853676712556,104.46057627953847,104.90843963623047,21795400.0
1683172800,104.98805287903261,105.09753008189718,103.47528871968271,104.19186401367188,23419500.0
1683259200,104.32124140643722,105.37619524656543,103.61462066511625,105.06767272949219,26625100.0
1683518400,104.67952961034783,107.44630051441501,104.65962811592014,107.2572021484375,26511400.0
1683604800,107.87426293991619,109.62589071265951,106.67997576350962,106.8392105102539,36360100.0
1683691200,107.45626399131446,112.40261721138486,107.41645340605741,111.21827697753906,63153400.0
1683777600,114.85090401178836,117.35890998003737,113.86561676637899,116.01533508300781,78900000.0
1683864000,116.12481417824908,117.46838909715726,115.55752665279486,116.95086669921875,41073800.0
1684123200,115.55752919181069,117.91625505636303,115.45800652768493,115.95562744140625,36266800.0
1684209600,115.93571827523857,120.1754505833764,115.87600619542154,118.94135284423828,45035600.0
1684296000,119.04087904664145,121.09107484095293,118.32430369516756,120.26502227783203,33323600.0
1684382400,120.37448510760484,122.72325621543935,120.25506095868938,122.24554443359375,35234200.0
1684468800,122.96213001121694,125.37061339548771,121.56878994331822,122.17588806152344,41330300.0
1684728000,122.35502582680218,125.82841748352126,122.15597291663258,124.45498657226562,35253000.0
1684814400,123.56923017246825,124.03698745783406,121.62850403374236,121.97683715820312,34046300.0
1684900800,120.54369196410875,121.32993391302894,119.28968514492404,120.32473754882812,34182600.0
1684987200,123.92750849840978,124.72370499429998,121.37969186050914,122.89246368408203,42317000.0
1685073600,122.58393158206252,124.66399090771507,121.86735626591603,124.01708221435547,35635900.0
1685419200,125.04217814334058,125.06208723131287,121.41949862779474,123.08155059814453,35076700.0
1685505600,122.16592287264116,123.4696871146494,121.91711243909198,122.28535461425781,37325800.0
1685592000,122.23559042304707,123.82797569129428,122.03654511192563,123.13130950927734,30772700.0
1685678400,123.40002514747484,125.54975101903904,123.17112379211459,124.07678985595703,26963100.0
1685937600,123.41993964810082,126.82366483426891,123.2507427687404,125.4104232788086,32305500.0
1686024000,125.41042147669415,127.67956397510677,124.76351278739155,126.70423126220703,26638300.0
1686110400,126.36585399872072,128.42599665134557,121.53893273241714,121.91712188720703,52539000.0
1686196800,121.64841360475143,122.64365544606527,120.66311871482401,121.558837890625,29389200.0
1686283200,121.66830847720398,123.17112570184304,121.3299299142625,121.64840698242188,23762500.0
1686542400,122.20573518054296,123.45974190942171,121.08111473851741,123.05168914794922,28306400.0
1686628800,124.38532088531461,124.56446470926541,122.59388264580667,123.24079132080078,22278300.0
1686715200,122.5142630804105,123.45974733869542,120.87211260494071,123.08155059814453,30592300.0
1686801600,122.55407071303016,124.86303131123523,121.81759393072211,124.49478912353516,35246300.0
1686888000,125.33079673890096,125.5099405617093,122.69340452264717,122.94221496582031,45514000.0
1687233600,122.34507768010195,123.97727366337496,121.55883572827894,122.51426696777344,26097500.0
1687320000,121.8175903515394,122.07635532970119,119.52853131499121,119.97639465332031,30306300.0
1687406400,119.4290127749455,122.65359399380323,118.2645817227319,122.56402587890625,26952200.0
1687492800,120.80244992420262,122.20574454143095,120.48397284408658,121.75788116455078,34885300.0
1687752000,120.1854075438775,121.41950530782552,117.70724987835497,117.77691650390625,33969900.0
1687838400,116.52291548374876,118.51339914725075,115.54757514767203,117.7669677734375,39535900.0
1687924800,116.53286076190481,119.81716179676539,116.2940048517799,119.60816192626953,27091400.0
1688011200,118.67262791972016,119.48872587696212,117.73710580825735,118.53329467773438,24090900.0
1688097600,119.59820461658656,120.50387829421939,119.12049280738276,119.13043975830078,29519700.0
1688356800,118.67262744367262,119.61811168831736,118.25462771939205,119.3294906616211,14467900.0
1688529600,118.67263333187572,122.02660102256166,118.66268638063181,121.17069244384766,27584800.0
1688616000,119.22996016500689,119.7275810211328,117.83662024923598,119.53848266601562,24745200.0
1688702400,119.52853643899117,120.47402068726721,118.83187022918119,118.91149139404297,21692600.0
1688961600,117.73710794498514,117.74705489595593,115.58738201288969,115.89590454101562,35315200.0
1689048000,115.73666473923052,117.14990621068708,114.80113505861661,116.5826187133789,23078800.0
1689134400,118.2347265266947,119.75744523552781,117.8465828398585,118.36410522460938,30404400.0
1689220800,120.3545946051284,124.23603925428093,119.87687518656348,123.94741821289062,44297900.0
1689307200,124.20618186143912,126.17675640796054,122.90240991720911,124.82322692871094,33266800.0
1689566400,125.34075523343135,126.49523177773591,123.60902902733594,124.05689239501953,25716200.0
1689652800,124.0071191056456,124.08674026707224,122.37492326185865,123.1711196899414,26226400.0
1689739200,124.00712721064436,124.5843692790778,121.22045471640399,121.44935607910156,37224000.0
1689825600,120.84225815158732,123.49955194883329,117.65748741253887,118.63282012939453,37906800.0
1689912000,120.04607237662714,120.41430699448074,118.16506592367423,119.44892120361328,72937900.0
1690171200,121.08112274560483,122.41474313178708,120.40435800830701,120.95173645019531,29686100.0
1690257600,120.78254786384007,122.56403163253377,120.44416169668466,121.62850189208984,52509600.0
1690344000,129.45110367587904,130.35676214061976,127.70943058695467,128.6549072265625,61682100.0
1690430400,131.04348970124676,132.60602666094323,128.1771883763532,128.78428649902344,44952100.0
1690516800,130.15771946410177,133.1036418304535,129.94872719345616,131.94915771484375,36591200.0
1690776000,132.0984479281434,132.89464445399818,131.15297119764708,132.0885009765625,28055500.0
1690862400,130.15771659691958,131.99891993360347,130.05818634611023,130.92405700683594,23166800.0
1690948800,128.83405063143312,129.47100478913018,126.95304419806331,127.76914978027344,26273300.0
1691035200,127.3610791387822,128.77432050353036,126.81369317696847,127.83879089355469,20089500.0
1691121600,128.6648583264697,130.88424328208276,127.30138192389168,127.50042724609375,26130000.0
1691380800,128.54542623298215,130.9837654483107,128.4060929974258,130.90414428710938,22746300.0
1691467200,129.998477634037,130.88424221889798,128.92361467945548,130.77476501464844,23535200.0
1691553600,131.0335439778547,131.41172554952155,128.3861970452602,129.04306030273438,24912900.0
1691640000,130.6951554251583,131.4216776590085,128.83404300432582,129.07290649414062,20857800.0
1691726400,128.04781566195854,129.3117618339363,127.56014170520349,128.9435272216797,19569200.0
1691985600,128.77432206928793,130.74489636959453,128.3463754306011,130.70509338378906,24695600.0
1692072000,130.47621742457744,130.7946869315138,128.66486990136232,129.16249084472656,19770700.0
1692158400,128.08761596679688,129.66009982508598,127.26157104777742,128.08761596679688,25216100.0
1692244800,129.18237944098485,131.36196125693914,128.6747964401177,129.3018035888672,33446300.0
1692331200,127.89852262427131,128.6350070484808,125.77866025129904,126.85352325439453,30491300.0
1692590400,126.5748380877057,128.11745814708254,125.95778550810007,127.75917053222656,25248700.0
1692676800,127.89852516645765,129.66010749983826,127.70944197062904,128.4658203125,22067500.0
1692763200,129.56056100573272,132.77520272479933,129.25203849949906,131.74014282226562,27819700.0
1692849600,133.31264769004198,133.61122329329774,128.95349855277775,129.16249084472656,28500700.0
1692936000,128.92359969772878,130.1377957542412,126.64450294743214,129.26199340820312,26762900.0
1693195200,130.6851874909537,131.90933055130816,129.52075650385797,130.38661193847656,20543300.0
1693281600,131.6107874308828,135.92018645455218,131.6107874308828,133.92970275878906,43075600.0
1693368000,134.1386874276615,135.6315501147355,133.43207426004315,135.23345947265625,28315800.0
1693454400,135.36282188790307,137.34335839261985,135.1438674929622,135.52206420898438,30053800.0
1693540800,136.80594945032874,136.80594945032874,134.20836765107612,135.01451110839844,21524600.0
1693886400,134.7955460588322,135.77087872900177,133.93963753997775,135.1239776611328,19403100.0
1693972800,135.37279574679286,135.88036360473524,133.03397141020704,133.82022094726562,18684500.0
1694059200,132.95435720820575,134.93489398818454,132.31740302153798,134.6164093017578,18844300.0
1694145600,134.2680724669895,136.00974558565406,134.2083603898534,135.7310791015625,23558300.0
1694404800,135.8903121579024,136.825841903566,135.143880788854,136.2685089111328,20763400.0
1694491200,135.61165035177623,136.21874849371267,134.54674945858747,134.69602966308594,18405500.0
1694577600,134.4472223587194,136.2486077375473,133.5116925587083,136.0595245361328,20749500.0
1694664000,136.94526549707902,138.04002226738112,135.59173616278034,137.44288635253906,24751000.0
1694750400,137.32345788063844,137.86089695130053,135.83059519619755,136.7462158203125,38908400.0
1695009600,135.95999038082445,138.497860147599,135.95999038082445,137.55238342285156,21861300.0
1695096000,136.7661336216356,137.75142852316634,135.96993710197103,137.3831787109375,20353700.0
1695182400,137.42299901850853,137.42299901850853,132.98421360328075,133.10365295410156,29927500.0
1695268800,130.81457768472256,131.60081198310746,129.4511013506065,129.8193359375,31488700.0
1695355200,130.1378168923183,131.4017782750434,128.9833479050883,129.6302490234375,26397300.0
1695614400,129.21223680839083,130.54585709408724,128.34638135496135,130.48614501953125,20094600.0
1695700800,129.15252373476866,129.7397127116054,126.61465428248435,127.95823669433594,25718700.0
1695787200,127.95825647590418,130.27715670469198,127.95825647590418,129.9188690185547,22746500.0
1695873600,129.2222017860651,132.66574536563317,129.1724366549313,131.68045043945312,22513100.0
1695960000,132.6458339437757,133.412174428442,129.7397295336501,130.2373504638672,30848100.0
1696219200,130.58569349746125,133.78041142165446,130.5458753180762,133.53160095214844,22288000.0
1696305600,133.302706008986,133.62117552851467,131.21269188974273,131.7998809814453,22989400.0
1696392000,132.15815718510046,134.9249434701971,131.8993997738575,134.5965118408203,26752300.0
1696478400,134.42730712890625,134.8453068312004,132.81500520727624,134.42730712890625,19832600.0
1696564800,133.37233386900715,137.50259600843535,133.37233386900715,136.92535400390625,27583200.0
1696824000,136.28841418957376,138.27889778472175,134.96474077645817,137.76136779785156,19278100.0
1696910400,137.8409849799401,139.05518115278088,136.67655393277659,137.403076171875,27786600.0
1696996800,137.920628289257,140.43858915374793,137.920628289257,139.88125610351562,25884300.0
1697083200,140.37886647431526,140.5480557670691,137.6021331987685,138.3087615966797,24765500.0
1697169600,138.71681368426044,139.33385877066547,135.96993646362293,136.7064208984375,23420500.0
1697428800,137.51254293878173,138.96560249289772,137.3334067233584,138.43812561035156,28501900.0
1697515200,137.97038107958892,139.23432728179327,136.5272682632598,139.05519104003906,23515800.0
1697601600,138.78645883619868,140.050420109336,136.72631631294968,137.30355834960938,23375000.0
1697688000,137.8410054118577,138.99548967948655,136.72633932514654,137.09457397460938,26066000.0
1697774400,136.6765521940106,137.213976060409,134.43725824267983,134.9547882080078,26315200.0
1698033600,134.39743479587233,137.00497842129087,133.31262496891244,135.85049438476562,26317900.0
1698120000,137.1741880982919,138.69690693710234,136.7661352888889,138.14952087402344,44814300.0
1698206400,127.55019106624778,127.69947125982357,124.4748899960184,125.01232147216797,84366200.0
1698292800,122.68346083906891,123.73842237481327,120.69297711748168,121.69817352294922,57061100.0
1698379200,122.29531249468846,122.72326678236502,119.63801864923039,121.58869171142578,44566500.0
1698638400,122.6237455580271,124.80332760609076,122.16593522517718,123.8677978515625,28940100.0
1698724800,124.46494151125496,124.77347164354663,122.10622322082405,123.48960876464844,26292300.0
1698811200,123.47964730512324,125.88813058968375,123.13131420084254,125.84832000732422,30082400.0
1698897600,127.80895226837836,128.36628525589762,126.32604408767605,126.88337707519531,27124600.0
1698984000,127.41086997739491,128.91367975208917,127.25162763160075,128.48573303222656,26380100.0
1699246800,128.43596185853923,129.7198171439132,128.0577651016171,129.6302490234375,19052700.0
1699333200,130.08805962107587,131.28234671869467,129.26200712212525,130.34681701660156,29757300.0
1699419600,130.34682148408558,131.580926799427,130.15772310979614,131.21267700195312,26425800.0
1699506000,131.33210198045876,131.9192909413078,129.45109576679184,129.6202850341797,23747800.0
1699592400,129.4809790579356,132.16812918791848,128.79425970763396,131.95912170410156,26913300.0
1699851600,131.15294906263765,131.95909240401852,130.6254721803469,131.4614715576172,18324800.0
1699938000,133.55150228019363,135.0543119616439,132.68564675621332,132.9842071533203,32395200.0
1700024400,134.22827214854598,134.38751449955015,132.93446980864985,133.97946166992188,23861500.0
1700110800,134.54673149706534,136.56707098789275,133.68087605419174,136.2784423828125,28013200.0
1700197200,135.35288749837048,135.41259957777135,133.01406314727024,134.66616821289062,37240600.0
1700456400,133.0538681927624,136.0097373208595,132.98419398288115,135.6016845703125,27815500.0
1700542800,135.64148033201138,136.52724480962092,135.3130639452131,136.31825256347656,22635300.0
1700629200,136.81588856208788,138.75660699373168,136.81588856208788,137.83103942871094,17813900.0
1700802000,137.3732168512701,137.4727471002464,135.3429303733346,136.0395965576172,12514300.0
1701061200,135.38272858362578,137.76135566285393,135.35287254722326,135.76092529296875,23436500.0
1701147600,135.43251415198907,136.59694530602604,134.7756508796034,136.54718017578125,18730000.0
1701234000,136.91541225652824,137.63197233173457,134.19839139618142,134.34768676757812,23967200.0
1701320400,134.40739692400365,134.90501778252556,130.6553313986171,131.89938354492188,38988300.0
1701406800,131.2325897216797,131.48140018185381,130.04824950146127,131.2325897216797,31431200.0
1701666000,129.26200531072064,129.41128550101195,127.29142327486284,128.6549072265625,36669900.0
1701752400,128.33642794624606,131.51125173964408,127.63976171874135,130.36672973632812,27384800.0
1701838800,130.8145935589201,131.21268423164344,129.26201867463922,129.40135192871094,23576200.0
1701925200,134.39743612631167,137.90069125733066,134.05905758383045,136.2784423828125,56767100.0
1702011600,133.56143729563297,135.7509660671318,133.39224802366363,134.34768676757812,32233900.0
1702270800,131.75010329817715,132.70552684181484,130.73495249515162,132.65576171875,31138000.0
1702357200,131.18282170000637,132.3671618941117,130.63543566245536,131.8894500732422,29032800.0
1702443600,132.74535238978922,132.86477654283303,130.94396721251857,131.939208984375,30104800.0
1702530000,132.74536075457883,133.0837393336483,129.0729159552244,131.3122100830078,38722400.0
1702616400,130.99372252410018,132.87472894259986,130.5558136967356,131.9690704345703,50815200.0
1702875600,131.99892443621175,136.4974064259798,131.79986392780293,135.15383911132812,32258000.0
1702962000,136.1888694694067,136.81587659485692,135.43249125061917,135.99977111816406,25476800.0
1703048400,138.30873930396123,141.02574487397254,137.4130278546512,137.68173217773438,49107200.0
1703134800,138.82627876474274,140.02056584118617,138.51774106231403,139.75184631347656,27488300.0
1703221200,140.10018194492363,141.3143780648777,140.0404698711855,140.81675720214844,26514600.0
1703566800,140.91627767898768,142.00108755674717,140.51818704797742,140.84661865234375,16780300.0
1703653200,140.91628362015615,141.40395757196106,139.2243755877538,139.70208740234375,19628600.0
1703739600,140.11014545033115,140.46843312127822,139.08504756687975,139.56275939941406,16045700.0
1703826000,138.9656175115826,139.6921397740678,138.11965590639036,139.02532958984375,18727200.0
1704171600,137.89075472780192,138.78646627528045,135.83059690794266,137.51255798339844,23711200.0
1704258000,136.59693546241698,138.96561577846637,136.42774618072553,138.2589874267578,24212100.0
1704344400,137.7613829471732,138.49786742539402,135.70124009646156,135.7410430908203,27137700.0
1704430800,136.09931838527314,136.50737117465926,134.50692540464604,135.08416748046875,22506000.0
1704690000,135.6414974529206,138.3485563481057,135.61164141398862,138.1793670654297,21404000.0
1704776400,137.84100303562764,140.81678178118554,137.49266229644218,140.2793426513672,24759600.0
1704862800,140.32908858441377,142.31957211043382,140.23952047042707,141.60299682617188,21320200.0
1704949200,142.80725580814243,144.5290199237723,139.97081051510136,141.40396118164062,24008700.0
1705035600,141.9911462708172,142.51862321173218,141.14519984962567,141.9712371826172,18768600.0
1705381200,141.3243377622621,143.66316210251998,140.77695172665017,141.81201171875,22670500.0
1705467600,140.67745082972024,141.16510964915355,138.23909598780784,140.796875,20968600.0
1705554000,141.37411363155687,143.5238397604635,141.31440154789604,142.79730224609375,25746400.0
1705640400,144.05130622298188,145.75316122771846,143.69301856100813,145.68350219726562,33300700.0
1705899600,146.40006807538688,147.68392325601644,145.1460537462961,145.29534912109375,32200400.0
1705986000,145.19582529685954,146.479680534306,144.80768160310274,146.34034729003906,21636100.0
1706072400,147.83320457288815,149.1369840368619,147.39531095421805,147.99244689941406,25233500.0
1706158800,149.35593119114108,152.32174724438246,148.82843911184986,151.14735412597656,29149100.0
1706245200,150.38104092093948,151.8141763457417,150.29145761811435,151.46585083007812,26115500.0
1706504400,151.33645876754892,153.04827580027492,150.70945160260163,152.77955627441406,27784300.0
1706590800,152.0729545126579,152.88904491564426,150.470614560476,150.7393341064453,36331800.0
1706677200,142.93662027544656,143.314817013255,139.20446358239303,139.43338012695312,71910000.0
1706763600,141.44376595073413,142.37929571349378,140.12009247642374,140.48834228515625,40466500.0
1706850000,138.5973652180094,141.94137821596175,135.8505033642639,141.70252990722656,62470600.0
1707109200,142.14045966873405,144.77784470758604,142.10064148728722,142.99635314941406,38505400.0
1707195600,143.96170795232408,144.6683362516594,142.50866355317078,143.41433715820312,29128200.0
1707282000,144.07120099538642,144.9271095715937,143.24514845900856,144.8474884033203,25208900.0
1707368400,145.13610759667097,145.6337284763745,144.40958536443537,145.21572875976562,22563800.0
1707454800,145.9820775978342,148.72895501735275,145.48445663762422,148.29104614257812,26829500.0
1707714000,147.71378276281595,148.62940337557924,146.66877585942618,146.82801818847656,21564100.0
1707800400,144.23043219737744,145.97210525516456,143.00628910032142,144.4493865966797,27837700.0
1707886800,145.38492345402256,145.82283227426896,143.40438681197526,145.24559020996094,22704200.0
1707973200,142.4589176078183,142.83711436988335,139.7916767428146,142.09068298339844,37590700.0
1708059600,142.30962780983683,142.5086731289085,139.47318265796596,139.85137939453125,31451100.0
1708405200,138.99547233345777,141.40395564806843,138.82628305113792,140.44851684570312,25144700.0
1708491600,140.776962464413,142.01106787645267,140.01062195610365,141.87173461914062,23315700.0
1708578000,144.2403879015234,144.31006211743158,142.1205331777144,143.40438842773438,27191900.0
1708664400,142.98639577127176,143.99158457980388,142.7475322585676,143.2750244140625,19493800.0
1708923600,141.4636518564305,141.762227397812,136.73625387413543,136.9154052734375,53641800.0
1709010000,137.36328390942444,138.5874271285175,136.43770109534037,138.2191925048828,33099200.0
1709096400,137.24383567629263,137.35331287977036,134.76569335803654,135.7310791015625,37328600.0
1709182800,136.62678482870294,138.19926859997335,135.75096723807542,137.80117797851562,42133000.0
1709269200,137.7713124913028,138.20922130484942,136.26850286861733,136.48745727539062,31119500.0
1709528400,135.01450600221577,135.01450600221577,131.28234925858652,132.7154998779297,55999400.0
1709614800,131.2525076403091,132.60603724215898,130.048258250132,132.0387420654297,40194800.0
1709701200,132.4865821068133,132.94440001172532,130.22739417958527,130.77476501464844,35318600.0
1709787600,132.1581545511722,134.29793357515936,130.98377649333827,133.7406005859375,37738200.0
1709874000,133.57141412234174,137.43294213765384,133.36240665387308,134.7657012939453,39343100.0
1710129600,135.48228773494432,138.4381574589102,135.48228773494432,137.01495361328125,32437800.0
1710216000,136.37798151039325,138.7168057955102,136.37798151039325,137.8409881591797,27563400.0
1710302400,138.33861305579995,140.4186648160553,138.3286661046211,139.12484741210938,23347200.0
1710388800,140.5181825478973,142.90675662983335,139.7916603357875,142.41909790039062,42753400.0
1710475200,141.8219663022628,142.49872348366935,139.36371767146207,140.50823974609375,49460600.0
1710734400,147.9028930046686,151.4260424972047,146.46974230052322,146.97731018066406,69273700.0
1710820800,147.45502663716707,148.08201863565114,145.38492190024363,146.3303985595703,24070400.0
1710907200,147.29577274930563,148.15168122543136,146.04177366454698,148.03225708007812,21311500.0
1710993600,148.75880250267042,149.6545141050477,146.20102362495862,146.897705078125,24755600.0
1711080000,148.41045420254932,150.85875574292584,148.2711209562635,150.0526123046875,29175700.0
1711339200,149.22655548099812,149.6644642956251,147.11664775908744,149.35594177246094,19229300.0
1711425600,149.505223453737,151.53551003081748,149.26635995623974,149.9530792236328,22149100.0
1711512000,150.46063737451573,150.91845525200065,148.19148744617945,150.15211486816406,22879200.0
1711598400,150.13223178829975,150.70945866916398,149.45545946665504,150.2118377685547,24485400.0
1711944000,149.972988921802,154.99896303730998,149.89336775564567,154.75015258789062,31730800.0
1712030400,152.7696006730611,153.96388767365946,151.42601830602345,153.82455444335938,24586000.0
1712116800,152.8691348903896,154.3420883898699,152.0032642638509,154.18284606933594,24705000.0
1712203200,152.7696206660751,154.03358204033015,149.73413005208545,149.81375122070312,34724700.0
1712289600,149.31611992588236,152.6899888823038,148.8881732587718,151.7743682861328,23449300.0
1712548800,152.05306211326507,154.5312200065727,151.8838728061024,154.11322021484375,20702000.0
1712635200,155.3472906145229,157.80553910227465,154.4515790592109,155.85487365722656,31113000.0
1712721600,155.4667384289104,155.8648291004754,153.94400440401932,155.39706420898438,22838600.0
1712808000,156.16341494930214,158.92022416255378,155.71555911784355,158.65151977539062,27166400.0
1712894400,157.20840874623565,159.4576498521726,156.39230314278245,156.9794921875,25329200.0
1713153600,158.1041210913814,158.48231785442226,153.85443413456358,154.12315368652344,27136500.0
1713240000,153.456321466177,154.9093658563506,152.699928048546,153.66531372070312,20779500.0
1713326400,154.8795200598381,156.33257973226392,153.84447529646815,154.73023986816406,21763100.0
1713412800,154.6008594858019,156.19325246003623,153.88428416601494,155.26766967773438,19883000.0
1713499200,155.45677241386718,155.6160147529958,151.57533531126506,153.3568115234375,32239100.0
1713758400,153.57574952252133,156.88990631862524,153.3269390890557,155.536376953125,26446200.0
1713844800,156.21315584791824,158.21358635071638,155.53638354340058,157.5069580078125,21151600.0
1713931200,156.74065240111614,158.81075737682,156.4221677035373,158.3728485107422,22779100.0
1714017600,150.60994355919925,155.74539489675468,150.15212564884374,155.25772094726562,57109700.0
1714104000,173.5403194325108,173.87871320868138,168.84277660691075,171.1318359375,64665300.0
1714363200,168.25557809024173,168.74325204452023,164.4239062306873,165.3594207763672,45610000.0
1714449600,164.8219988264117,167.3001564313842,161.82632640780892,162.00546264648438,33562900.0
1714536000,163.51823108824746,166.3248050727695,162.31398182603573,163.080322265625,33493200.0
1714622400,164.00588469256783,165.9366561572897,163.1101731735162,165.82717895507812,24294500.0
1714708800,166.7627138644963,167.16081969689057,162.27417880581723,166.44424438476562,34662400.0
1714968000,166.66320148373052,167.3399586304374,165.2399977875199,167.30015563964844,21871300.0
1715054400,167.69823532661383,170.94271797332505,167.58875812637166,170.43515014648438,28039700.0
1715140800,168.19586940682248,169.34039143777946,167.93711199783866,168.57406616210938,19569100.0
1715227200,168.5839958188216,169.87781310338192,167.3797466451611,169.1512908935547,15346700.0
1715313600,167.2304738812949,169.0418211972959,165.39923266388908,167.84751892089844,29799900.0
1715572800,163.47842001430308,168.474538328996,163.2196626015956,168.335205078125,31327600.0
1715659200,168.9622152743634,170.43516897895464,167.99682945269723,169.5294952392578,25127100.0
1715745600,169.81811888787405,171.82849645723252,169.69867954126346,171.6891632080078,26948400.0
1715832000,172.46544694250113,174.28674128104558,171.86831096693263,173.35121154785156,27867900.0
1715918400,173.3512152736709,175.43128224723478,172.86355649440316,175.22227478027344,24479300.0
1716177600,175.35166373779703,177.91938952957375,175.24218652700162,176.07818603515625,22554400.0
1716264000,176.05826183810862,177.3023140421263,174.9734519608894,177.00375366210938,16989400.0
1716350400,175.79949834923147,176.3070661638398,174.3763099665658,175.54074096679688,17880000.0
1716436800,176.22748350592448,177.40186161179759,172.12707671457434,172.72422790527344,21024900.0
1716523200,174.1474170125974,174.93366658897898,172.82374351187994,174.15737915039062,16572500.0
1716868800,173.61993514476987,176.42652440990983,173.54031397559726,175.56065368652344,20572200.0
1716955200,174.59525395863238,175.99854847921964,173.88864081616407,175.06301879882812,23388700.0
1717041600,174.36637035439955,174.38627944367667,170.97259197646454,171.29107666015625,22958700.0
1717128000,171.0422451160524,172.23653216033742,168.63376194065896,171.67919921875,37638900.0
1717387200,171.71901635552842,173.69955303760383,170.3455929752159,172.3460235595703,27459100.0
1717473600,172.45550585604707,173.0228009976231,171.07212029758608,172.96307373046875,26879600.0
1717560000,174.36635570479385,175.80945323933747,173.10239440013726,174.5753631591797,22068500.0
1717646400,175.06301613629049,176.30706831231922,174.91373594964054,175.88906860351562,23251000.0
1717732800,176.20757079195172,177.0236612038553,173.47065573222022,173.62989807128906,19661400.0
1717992000,174.3373180757214,176.41975708694557,172.13530264029285,174.37716674804688,23779200.0
1718078400,175.58279097950916,176.20054419886765,173.14165320239113,175.98133850097656,21540600.0
1718164800,177.60545332869307,179.75764648213246,175.47319211286342,177.14710998535156,27864700.0
1718251200,175.4731883543162,176.10091514486052,174.24764028080844,174.52662658691406,20913300.0
1718337600,173.59001222516176,176.41973898190378,173.5202580512332,176.1507110595703,18063600.0
1718596800,174.82554352922475,177.715051051079,174.17788480631722,176.59910583496094,19618500.0
1718683200,176.49946899358264,176.74856500464978,173.47046818859647,174.45687866210938,21869900.0
1718856000,174.73586105725994,176.64891655489416,174.35724546739127,175.66250610351562,20160100.0
1718942400,176.35998891289265,180.19607384922364,175.97139971495798,178.98048400878906,58582700.0
1719201600,179.50854860133447,180.23590467855502,178.02393093898397,178.5719451904297,18298000.0
1719288000,178.97049060645827,183.6236020982057,178.77121684563144,183.3645477294922,23235600.0
1719374400,181.96962309255457,183.84281475961373,181.82015636356306,183.21510314941406,19839000.0
1719460800,183.51399970907897,185.37724814669312,183.35458982218609,184.73956298828125,18848900.0
1719547200,183.65351502999962,184.46058367632295,181.30204806851228,181.49134826660156,29156600.0
1719806400,182.3681720367947,183.21510456344126,180.64443188180954,182.3283233642578,16006100.0
1719892800,181.39170782072514,184.89898371094532,180.90347419393802,184.57017517089844,17372500.0
1719979200,184.18159282875,185.4170992875996,183.33466032731423,185.14808654785156,10242100.0
1720152000,185.1879463493014,190.16986676631305,185.1281657368756,189.9108123779297,20967500.0
1720411200,189.2133152781957,189.48234321486567,187.10098606603526,188.34646606445312,21035900.0
1720497600,189.62185404323878,190.6680603801606,188.03760698643373,188.29666137695312,15121400.0
1720584000,188.46603485485895,191.05663943714717,188.3464736353611,190.4886932373047,15952500.0
1720670400,189.16350913484757,190.16985150502285,184.41075318141904,184.89898681640625,25625800.0
1720756800,184.4107609794594,186.4334193756876,183.8228980414375,184.4008026123047,22898400.0
1721016000,184.25133560725024,187.55933793133792,184.25133560725024,185.8555145263672,16474000.0
1721102400,186.6825227917543,187.99774187820162,182.70694481891954,183.2549591064453,18290700.0
1721188800,182.308393887249,182.88629847032706,179.24948750496557,180.36544799804688,20734100.0
1721275200,181.27214401888858,181.84009022857012,175.83189558689608,177.0474853515625,25315700.0
1721361600,178.23318313703982,179.63807308812588,176.48951105533254,177.01759338378906,18881900.0
1721620800,179.9369802536856,182.0393510707807,179.5782814108386,181.01307678222656,24100300.0
1721707200,181.39171422932947,182.94607087092996,180.88354864784296,181.1326446533203,36352700.0
1721793600,172.97227682395808,175.5529078595556,171.1987144347076,172.0057830810547,49585200.0
1721880000,171.89616735748663,172.79290685215108,166.58543895453738,166.67510986328125,44852000.0
1721966400,166.54556967378286,167.4821730109969,163.46674694464414,166.3961181640625,41336900.0
1722225600,168.2195263708959,169.8137317797604,167.38256739097093,168.9169921875,20293800.0
1722312000,169.6244330706624,170.61084359012222,167.8309386667155,169.6742401123047,18959700.0
1722398400,172.6135732503379,173.61991563812455,169.39524191629772,170.91970825195312,25729100.0
1722484800,169.63438196406787,173.42064433790932,168.2693407012315,170.1425323486328,24531400.0
1722571200,165.83816733480066,167.90067445744558,164.0745632707895,166.057373046875,29130100.0
1722830400,154.93772354006205,163.83542602504582,154.36977732002595,158.67416381835938,53630700.0
1722916800,158.7538687510913,159.98939041713092,155.8444292184306,157.71762084960938,49004600.0
1723003200,160.6669093473954,162.39064929609555,157.8969632273386,158.36526489257812,25138600.0
1723089600,159.92959903655023,163.09810823419537,159.6306959832372,161.44410705566406,25578800.0
1723176000,159.43140161323996,163.1977319936456,158.48483983468753,163.0781707763672,28602300.0
1723435200,163.75571936475353,164.30371841151174,161.25478575040617,161.70315551757812,15895300.0
1723521600,162.81911822642027,164.13433724204145,162.3807068200086,163.56640625,18551700.0
1723608000,161.81275843785846,162.6298006303333,157.13973016458638,159.79010009765625,40591100.0
1723694400,159.9196408139774,161.05551802843678,159.03285961324696,160.7167510986328,31524300.0
1723780800,160.88612516941268,164.46314006883134,160.54735825938926,162.37074279785156,24208600.0
1724040000,164.68234860612503,166.08725371463413,163.66603265490428,166.06732177734375,22416200.0
1724126400,166.2964988999767,168.03021269363555,166.21680155178487,166.5754852294922,18341500.0
1724212800,164.5528089649255,166.2466739015297,164.07454890935912,165.2502899169922,22902000.0
1724299200,166.65518277106005,166.98399131629145,162.71946900223335,163.20770263671875,22493300.0
1724385600,164.12436344274187,165.5790754778364,163.23758234628738,165.02110290527344,13955700.0
1724644800,165.77837928622512,166.9441467734434,163.8653237787171,165.55917358398438,14190400.0
1724731200,165.2403275821356,165.83816409495242,163.86532792843937,164.0845184326172,11821900.0
1724817600,164.44322254791618,165.0012104060404,160.94591988607655,162.2611541748047,16407400.0
1724904000,163.71585770644296,165.36985884682494,159.67054097302747,161.19500732421875,19699800.0
1724990400,162.03196874119254,163.06821666334946,161.10533887588517,162.7892303466797,22123800.0
1725336000,161.13523558890284,161.26477038522722,155.91417750545756,156.79100036621094,38945300.0
1725422400,156.09353995742268,158.425075150391,155.3960741138358,155.88429260253906,19353800.0
1725508800,155.73482906151818,158.87343271753585,155.41597886981896,156.6714324951172,18688700.0
1725595200,156.73120219936595,157.25928448946016,150.00561037278717,150.374267578125,37912100.0
1725854400,152.16016788537544,153.04812579911544,146.88230875795676,148.368896484375,39260500.0
1725940800,150.10488755816476,150.92301391041104,147.9997269680091,148.31900024414062,31118800.0
1726027200,149.57611698577008,151.15249466457212,147.18162811030237,150.8132781982422,29607700.0
1726113600,153.4472166512295,154.46488123819847,152.29984538660895,154.33517456054688,29695000.0
1726200000,155.0734584425326,158.0167037423396,154.85397709703722,157.09881591796875,29591200.0
1726459200,156.949153850456,157.88700007819574,156.2407910010188,157.6974334716797,18379800.0
1726545600,158.65524442097214,160.18173369132347,158.01671306098063,158.95455932617188,20715600.0
1726632000,159.493308763357,160.13184010247764,158.23620447115354,159.44342041015625,23677300.0
1726718400,163.3344876968325,163.41429079540828,160.96991366518583,161.76808166503906,26587700.0
1726804800,163.12496229374892,163.35443045510996,161.68826294232812,163.21475219726562,40896400.0
1727064000,163.97300985155823,165.1103942398001,161.29914948564644,161.47874450683594,24150900.0
1727150400,162.65603264196153,162.84559924653018,160.32140390143587,161.917724609375,23332100.0
1727236800,161.09960948590057,162.43653204188453,160.93000127122684,161.11956787109375,18869200.0
1727323200,163.26463623457852,163.70362938299246,161.90775524120266,162.35671997070312,20319300.0
1727409600,162.4365443712631,165.31991468714682,162.25696456225583,163.5739288330078,21101300.0
1727668800,162.9453785886578,165.76887364583845,162.88550343062403,165.46957397460938,20413900.0
1727755200,167.30535540779766,168.7719847422779,164.2024885113937,166.60696411132812,28338100.0
1727841600,166.03826626655388,167.13574919120185,164.3521403294987,165.47955322265625,17760200.0
1727928000,164.0328822574666,166.25776285148348,163.54400073216186,165.47955322265625,15073100.0
1728014400,167.6744944881404,167.84410270815644,165.10041077348518,166.67678833007812,19047400.0
1728273600,167.3352883566198,168.09353960289477,162.37668722767793,162.6061553955078,22463100.0
1728360000,163.5639517960843,164.35213297119705,162.49639888774195,164.00294494628906,23072700.0
1728446400,163.07507293573457,164.46188392429227,159.37359151374716,161.4887237548828,31181800.0
1728532800,160.50099024469034,162.69595604624766,160.0320671165202,161.70822143554688,14144100.0
1728619200,161.75810039177787,163.52402928799188,160.87014254138842,162.8655548095703,15344300.0
1728878400,163.26463978878337,165.84869515872447,163.02518482340258,164.5816192626953,19016100.0
1728964800,165.40970450318616,167.29536861569628,164.25237687914083,165.08047485351562,20247200.0
1729051200,164.1525834736406,165.41967448375283,163.36440235282572,164.78114318847656,16406000.0
1729137600,165.3498394792033,165.9883708197769,162.3866509330354,162.55625915527344,21453400.0
1729224000,162.81568258592537,164.3322003226238,162.7059342913527,163.04515075683594,19757700.0
1729483200,162.57622324771475,164.12267091200812,162.24697837282997,163.69366455078125,20946500.0
1729569600,162.60615092256947,165.38975972379467,162.60615092256947,164.76119995117188,16568100.0
1729656000,164.38207025094962,165.43965162521155,161.5585598399715,162.4066162109375,18280500.0
1729742400,162.45648900457678,162.95534206352698,160.64065656258018,162.34674072265625,22412500.0
1729828800,163.29456372883286,165.21015770980458,163.04513719135548,164.89089965820312,19828900.0
1730088000,168.3629124526984,168.3629124526984,163.5739198981752,166.3375701904297,32138600.0
1730174400,167.3452626285711,169.9891932870904,166.7067312467614,169.29078674316406,42169000.0
1730260800,180.26553244445503,181.6024702004282,173.660722875302,174.059814453125,68890800.0
1730347200,172.73288489023227,176.41442332366287,170.60776574356834,170.71751403808594,44769000.0
1730433600,169.67989197256162,171.924730806551,168.49261922011235,170.89707946777344,31796500.0
1730696400,169.540211146429,170.33837916949005,167.62461702535575,168.851806640625,21492700.0
1730782800,169.04134527892143,170.13882813078655,168.45270230555178,169.35064697265625,18242100.0
1730869200,173.40134249175,176.53413938489027,173.1020275837351,176.10511779785156,33695500.0
1730955600,177.00305326727127,180.66463304281666,176.783556694456,180.33538818359375,25352900.0
1731042000,180.23561473741785,180.48504128160124,177.6715177795822,177.94090270996094,22006200.0
1731301200,178.1703656704888,180.13584799922145,178.06061738529806,179.93630981445312,17450400.0
1731387600,179.40754063277615,182.07141442586757,178.97851903978543,181.20339965820312,25134900.0
1731474000,180.04605832824305,180.54491140269107,178.13044912542955,178.4696807861328,23184000.0
1731560400,177.87106512358804,178.40983501207117,173.92015698572658,175.17726135253906,31007500.0
1731646800,173.3314910172349,173.7405542062273,170.8272539769183,172.09434509277344,32504600.0
1731906000,173.02221087683125,175.03758170425652,172.50339937967658,174.8979034423828,20206600.0
1731992400,173.32150965187077,178.4596901179334,173.16187301779436,177.71141052246094,23434900.0
1732078800,176.93322081601997,177.27243728365775,173.38138904007343,175.5763397216797,18997100.0
1732165200,173.50108987072463,173.73057324168968,163.32449039222482,167.2454833984375,59734400.0
1732251600,165.4695761261647,166.0781775052239,163.52403689515066,164.38206481933594,38604600.0
1732510800,165.7090226252667,168.24320495243438,165.23012790175193,167.26544189453125,33135300.0
1732597200,167.24549839943876,169.43047745533647,167.19561004372002,168.73207092285156,20486700.0
1732683600,168.61234397565445,169.09123867813173,167.6345961844918,168.84181213378906,19266500.0
1732856400,168.1134894922982,169.0413489221372,166.7765668794217,168.5624542236328,14257200.0
1733115600,168.38287195306333,171.6852768885628,168.18333376692627,171.0966339111328,23789100.0
1733202000,171.0966407714524,172.28389835489799,170.45810941593857,170.9469757080078,22248700.0
1733288400,170.75740145903967,174.50878632573773,170.6676115592613,173.9700164794922,31615100.0
1733374800,174.95776546503646,175.65615678272883,171.93471679976247,172.24400329589844,21356200.0
1733461200,171.6354044780067,174.6784115765489,171.4657962428472,174.30926513671875,21462400.0
1733720400,173.75989224042516,176.05723424799297,173.45023604553785,175.1682586669922,25389600.0
1733806800,182.6396622409938,186.14561898038454,180.8417298459591,184.9569854736328,54813000.0
1733893200,185.0968273042346,195.3849818086967,184.637364997593,195.1752166748047,67894100.0
1733979600,194.77567768503926,194.9554633024938,191.48946911126617,191.7391815185547,34817500.0
1734066000,190.7902570178538,192.50827955283287,189.42183794011777,189.6016387939453,25143500.0
1734325200,192.648128127054,198.77108139081074,192.39841571324646,196.43377685546875,44934900.0
1734411600,197.02308705872431,201.18828813489583,194.7556941593745,195.1951904296875,43504000.0
1734498000,194.99541962680925,196.77337069091053,187.52402890568504,188.18325805664062,34166100.0
1734584400,191.40955777871685,192.8079411518366,188.16329650997008,188.2931365966797,32265200.0
1734670800,185.56627599656574,192.66809720587494,185.00692266360085,191.18980407714844,63462900.0
1734930000,192.3984151157297,194.87557322669755,189.93125525567427,194.40611267089844,25675000.0
1735016400,194.61585613024195,195.8843994140625,193.55707797257898,195.8843994140625,10403300.0
1735189200,194.92550545907343,196.52367101490134,194.1564021929594,195.375,12046600.0
1735275600,194.72573696465102,195.09532170060632,190.43068040496257,192.5382537841797,18891400.0
1735534800,189.58165840021294,192.32849481864238,188.90243274221342,191.02000427246094,14264700.0
1735621200,190.8601960597075,191.73918864322025,188.29314510160168,189.08224487304688,17466900.0
1735794000,190.43067970164262,191.7791328258186,187.2843094002135,189.2120819091797,20370800.0
1735880400,191.14985143368122,192.9877463613902,189.76145103861666,191.56936645507812,18596200.0
1736139600,193.75684931380115,197.99197728329852,193.6270092243641,196.64352416992188,29563600.0
1736226000,196.8832529983184,200.7687774852745,194.37614589069548,195.26512145996094,26487200.0
1736312400,192.3484808074723,196.06418741382137,192.1586969389352,193.7268829345703,24864800.0
1736485200,194.07648645979594,196.29393386115163,190.09107094303815,191.81907653808594,26665200.0
1736744400,189.8513620671916,190.96007055747594,187.14447278422705,190.79026794433594,21823700.0
1736830800,191.02000242961614,191.75914137705388,188.0933651847724,189.4418182373047,17174900.0
1736917200,192.8678659974796,196.1341084636535,191.6392852545324,195.32504272460938,21776000.0
1737003600,193.91666057341888,195.2551153784116,192.58818877757312,192.68807983398438,17815400.0
1737090000,196.3039099407615,197.00310160992169,193.52710928235737,195.77452087402344,27735100.0
1737435600,198.84100497169504,202.05728678766425,197.6423732117847,197.82217407226562,29971300.0
1737522000,198.83100862292844,200.24937329507208,197.30276987978317,198.1417999267578,26200600.0
1737608400,197.91206263871854,200.06958147081755,194.97544232412307,197.7522430419922,26951400.0
1737694800,197.87211722888603,200.66888399183227,197.77222616967978,199.9796905517578,23877500.0
1737954000,192.18865606918456,196.65351502081776,190.5105808080997,191.58934020996094,41728900.0
1738040400,192.52826307792662,195.2551182563093,190.4606370613745,195.07533264160156,24157900.0
1738126800,195.33503253066368,196.5636133163606,193.20747792712066,195.18521118164062,18218300.0
1738213200,197.7722225159478,201.16830508891937,197.44260031613962,200.638916015625,24354700.0
1738299600,201.76762828746982,205.24362078448016,201.56786140671954,203.78530883789062,32042000.0
1738558800,200.45913255035472,203.5156099470352,199.8698149328218,200.99850463867188,27838300.0
1738645200,203.15602747619252,206.81182081300247,202.57669285659674,206.14259338378906,43856400.0
1738731600,190.85021363044225,192.52827375908595,187.81370210065404,191.1099090576172,70373900.0
1738818000,189.28200260132084,191.87901770448227,188.50290111861952,191.3795928955078,29297400.0
1738904400,190.83022332592188,190.9600634127379,183.02921021692137,185.1267852783203,49315000.0
1739163600,187.1344857224474,187.98349876976383,185.64619427540677,186.2554931640625,23105600.0
1739250000,184.81715184499055,186.72495835838524,184.06801459806726,185.10682678222656,21239500.0
1739336400,183.0092376906385,184.8970629566076,181.62083725948915,183.39878845214844,22072600.0
1739422800,184.10797436946572,186.06571114375504,182.9293238598035,185.92587280273438,21402500.0
1739509200,184.8471041355986,186.1855589387927,184.1079651875959,185.01690673828125,20448400.0
1739854800,185.386490331916,185.74607679460826,181.5309302979739,183.55859375,29916700.0
1739941200,183.8582530360721,185.246653369277,183.3787942547783,185.05686950683594,19549400.0
1740027600,184.58741616756504,185.09682399614678,182.5098070913863,184.34768676757812,20441500.0
1740114000,184.93699793129608,185.12678179449694,178.87398876546825,179.4533233642578,35199200.0
1740373200,181.78064614487357,182.90933584096624,178.68420625509464,179.04379272460938,29854200.0
1740459600,177.8351818432405,178.53438877889693,174.48904471950055,175.21820068359375,41913400.0
1740546000,174.8686155406987,175.87744820035027,171.38262477536554,172.5312957763672,35431300.0
1740632400,173.78985771928288,174.3591940996765,167.746814231894,168.30616760253906,39991000.0
1740718800,168.48594100971005,170.41372863795183,166.5781498819881,170.0841064453125,48130600.0
1740978000,171.7322094406985,173.17055534541237,165.73911166521458,166.81787109375,40770500.0
1741064400,166.04876455679425,173.09064211021553,165.60926829005186,170.72337341308594,45388000.0
1741150800,170.32384453302183,173.58008886593674,168.86551735545183,172.8209686279297,30954900.0
1741237200,170.33381982392953,174.60889486138916,170.30385555544734,172.1517333984375,28302000.0
1741323600,171.06298843219486,174.76872740179581,170.07413701655315,173.66000366210938,27385800.0
1741579200,168.25999450683594,168.4600067138672,163.69000244140625,165.8699951171875,43604000.0
1741665600,164.91000366210938,166.75,161.3699951171875,164.0399932861328,39587400.0
1741752000,166.5800018310547,167.63999938964844,163.52999877929688,167.11000061035156,28372400.0
1741838400,166.0399932861328,166.1300048828125,162.11000061035156,162.75999450683594,31756200.0
1741924800,163.27000427246094,166.49000549316406,162.4499969482422,165.49000549316406,31995900.0
1742184000,165.02999877929688,166.3000030517578,163.6699981689453,164.2899932861328,31184300.0
1742270400,163.67999267578125,164.25,156.72000122070312,160.6699981689453,42074800.0
1742356800,161.75999450683594,165.8699951171875,161.0,163.88999938964844,34275600.0
1742443200,161.57000732421875,164.88999938964844,160.9600067138672,162.8000030517578,28138500.0
1742529600,161.2100067138672,164.24000549316406,160.88999938964844,163.99000549316406,36625800.0
1742788800,167.07000732421875,168.32000732421875,165.13999938964844,167.67999267578125,30879100.0
1742875200,168.97999572753906,170.6300048828125,168.32000732421875,170.55999755859375,24174400.0
1742961600,169.0,169.61000061035156,164.83999633789062,165.05999755859375,28901600.0
1743048000,164.6300048828125,165.4199981689453,162.0,162.24000549316406,24508300.0
1743134400,160.49000549316406,161.82000732421875,153.6300048828125,154.3300018310547,48669300.0
1743393600,153.11000061035156,155.5399932861328,150.66000366210938,154.63999938964844,54603500.0
1743480000,153.6199951171875,158.10000610351562,153.6199951171875,157.07000732421875,30672900.0
1743566400,155.14999389648438,158.41000366210938,154.6999969482422,157.0399932861328,25041700.0
1743652800,151.11000061035156,152.77999877929688,150.38999938964844,150.72000122070312,46883400.0
1743739200,148.00999450683594,151.07000732421875,145.3800048828125,145.60000610351562,62259500.0
1743998400,141.5500030517578,152.85000610351562,140.52999877929688,146.75,76794100.0
1744084800,151.22000122070312,152.24000549316406,143.02999877929688,144.6999969482422,52200200.0
1744171200,144.4199981689453,159.5500030517578,143.91000366210938,158.7100067138672,70406200.0
1744257600,156.5399932861328,157.72000122070312,149.92999267578125,152.82000732421875,48022000.0
1744344000,152.89999389648438,157.6699981689453,152.82000732421875,157.13999938964844,33636200.0
1744603200,160.0,161.72000122070312,157.55999755859375,159.07000732421875,30333000.0
1744689600,159.1300048828125,159.64999389648438,155.2100067138672,156.30999755859375,27551500.0
1744776000,153.10000610351562,155.88999938964844,151.50999450683594,153.3300018310547,28187400.0
1744862400,154.2899932861328,154.67999267578125,148.5,151.16000366210938,32938500.0
1745208000,148.8800048828125,148.9499969482422,146.10000610351562,147.6699981689453,26049100.0
1745294400,148.88999938964844,152.19000244140625,148.5399932861328,151.47000122070312,26971800.0
1745380800,155.61000061035156,157.52999877929688,153.80999755859375,155.35000610351562,31128800.0
1745467200,156.14999389648438,159.58999633789062,155.7899932861328,159.27999877929688,45894000.0
1745553600,165.07000732421875,166.10000610351562,161.0399932861328,161.9600067138672,56034000.0
1745812800,162.42999267578125,163.14999389648438,158.60000610351562,160.61000061035156,29745800.0
1745899200,160.32000732421875,160.74000549316406,157.52000427246094,160.16000366210938,26809000.0
1745985600,157.97999572753906,159.27000427246094,155.39999389648438,158.8000030517578,34981100.0
1746072000,160.4499969482422,161.9499969482422,158.91000366210938,161.3000030517578,30203200.0
1746158400,163.41000366210938,164.97000122070312,161.8699951171875,164.02999877929688,25715000.0
1746417600,163.0,165.38999938964844,162.72000122070312,164.2100067138672,21341800.0
1746504000,162.1699981689453,164.8000030517578,161.19000244140625,163.22999572753906,21277200.0
1746590400,164.0800018310547,165.0,147.83999633789062,151.3800048828125,127490100.0
1746676800,155.0,155.92999267578125,152.89999389648438,154.27999877929688,57498700.0
1746763200,154.1699981689453,155.0500030517578,152.1999969482422,152.75,32435300.0
1747022400,157.49000549316406,159.10000610351562,156.25,158.4600067138672,44138800.0
1747108800,158.7899932861328,160.57000732421875,156.16000366210938,159.52999877929688,42382100.0
1747195200,159.9600067138672,167.0,159.61000061035156,165.3699951171875,48755900.0
1747281600,165.83999633789062,166.2100067138672,162.3699951171875,163.9600067138672,33146700.0
1747368000,167.72999572753906,169.35000610351562,165.6199951171875,166.19000244140625,42846900.0
1747627200,164.50999450683594,166.63999938964844,164.22000122070312,166.5399932861328,30426100.0
1747713600,166.42999267578125,168.5,162.89999389648438,163.97999572753906,46607700.0
1747800000,163.69000244140625,173.13999938964844,163.55999755859375,168.55999755859375,73416000.0
1747886400,171.85000610351562,176.77000427246094,170.7100067138672,170.8699951171875,74864400.0
1747972800,169.05999755859375,169.9600067138672,167.88999938964844,168.47000122070312,35181400.0
